Source File	Size	loadResources	load-configure	scan	loadDepInfo	loadInfo	load	generateSnapshots	checkR4R4B	generateNarratives	validate	loadLists	checkConformanceResources	checkConformanceResources2	checkConformanceResources3	generateLogicalMaps	validateExpressions	scanForUsageStats	checkURLsUnique	processProvenanceDetails	generate1	generate2	generateLogicals	makeDependencies	generateExampleZip	generateValidationPack	scanProfilesForR5	scanExamplesForR5
/fsh-generated/resources/ImplementationGuide-ans.fhir.fr.annuaire.json	34881	-	0	0	0	0	0	0	6	80	0	0	0	0	0	0	0	1	0	0	224	204	0	0	1	8	0	1
fsh-generated/resources/CapabilityStatement-AsServerCapabilityStatement.json	22507	7	0	0	1	0	0	0	1	68	0	0	0	0	0	0	0	0	0	0	127	119	0	1	0	7	0	0
fsh-generated/resources/CodeSystem-as-cs-intern-id-systems.json	1027	3	0	0	0	0	0	0	0	9	0	0	1	0	0	0	0	0	0	0	15	2606	0	0	0	0	0	0
fsh-generated/resources/CodeSystem-as-cs-organization-types.json	1210	2	1	0	0	0	0	0	0	5	0	0	0	0	0	0	0	0	0	0	16	61	0	0	0	1	0	0
fsh-generated/resources/CodeSystem-as-cs-type-etablissement.json	783	3	0	0	0	0	0	0	0	3	0	0	0	0	0	0	0	0	0	0	13	53	0	0	0	0	0	0
fsh-generated/resources/CodeSystem-as-cs-type-systeme-information.json	1301	3	0	0	0	0	0	0	1	3	0	0	0	0	0	0	0	0	0	0	15	56	0	0	0	1	0	0
fsh-generated/resources/Organization-158480.json	3874	4	0	0	0	0	0	0	0	160	0	0	0	0	0	0	0	0	0	0	18	24	0	0	0	0	0	0
fsh-generated/resources/Organization-158480DP.json	3870	5	0	0	0	0	0	0	0	9	0	0	0	0	0	0	0	0	0	0	17	12	0	0	0	0	0	0
fsh-generated/resources/Organization-481677.json	3298	7	0	0	0	0	0	0	0	8	0	0	0	0	0	0	0	0	0	0	16	10	0	0	0	0	0	0
fsh-generated/resources/Organization-481677DP.json	2365	4	0	0	0	0	0	0	0	7	0	0	0	0	0	0	0	1	0	0	14	9	0	0	0	0	0	0
fsh-generated/resources/Organization-548812.json	2111	3	0	0	0	0	0	0	0	7	0	0	0	0	0	0	0	0	0	0	13	10	0	0	0	0	0	0
fsh-generated/resources/Organization-548812DP.json	2127	3	0	0	0	0	0	0	0	7	0	0	0	0	0	0	0	0	0	0	14	14	0	0	0	0	0	0
fsh-generated/resources/Organization-example-organization-fictive.json	2078	3	0	0	0	0	0	0	0	1	0	0	0	0	0	0	0	0	0	0	12	7	0	0	0	0	0	0
fsh-generated/resources/Organization-example-organization-nancy.json	2041	3	0	0	0	0	0	0	1	1	0	0	0	0	0	0	0	0	0	0	10	6	0	0	0	0	0	1
fsh-generated/resources/Person-pp16dr-person.json	1454	3	0	0	0	0	0	0	0	25	0	0	0	0	0	0	0	0	0	0	10	15	0	0	0	0	0	0
fsh-generated/resources/Person-pp19dr-person.json	1436	3	0	0	0	0	0	0	0	1	0	0	0	0	0	0	0	0	0	0	9	8	0	0	0	0	0	0
fsh-generated/resources/Practitioner-334081.json	4922	4	0	0	0	0	0	0	0	42	0	0	0	0	0	0	0	0	0	0	20	17	0	0	0	0	0	0
fsh-generated/resources/Practitioner-334081DP.json	2208	3	0	0	0	0	0	0	0	9	0	0	0	0	0	0	0	0	0	0	16	8	0	0	0	0	0	0
fsh-generated/resources/Practitioner-3719500.json	5448	4	0	0	0	0	0	0	0	10	0	0	0	0	0	0	0	0	0	0	27	12	0	0	0	0	0	0
fsh-generated/resources/Practitioner-3719500DP.json	2211	3	0	0	0	0	0	0	1	7	0	0	0	0	0	0	0	0	0	0	14	10	0	0	0	0	0	0
fsh-generated/resources/PractitionerRole-1578230.json	1294	3	0	0	0	0	0	0	0	649	0	0	0	0	0	0	0	0	0	0	12	10	0	0	0	0	0	0
fsh-generated/resources/PractitionerRole-1578230DP.json	1251	3	0	0	0	0	0	0	0	4	0	0	0	0	0	0	0	0	0	0	12	9	0	0	0	0	0	0
fsh-generated/resources/PractitionerRole-1738459.json	1286	3	0	0	0	0	0	0	0	4	0	0	0	0	0	0	0	0	0	0	15	9	0	0	0	0	0	0
fsh-generated/resources/PractitionerRole-1738459DP.json	1243	3	0	0	0	0	0	0	0	4	0	0	0	0	0	0	0	0	0	0	11	8	0	0	0	0	0	0
fsh-generated/resources/PractitionerRole-5015602.json	1287	3	0	0	0	0	0	0	0	3	0	0	0	0	0	0	0	0	0	0	12	11	0	0	0	0	0	0
fsh-generated/resources/PractitionerRole-5015602DP.json	1244	3	0	0	0	0	0	0	0	4	0	0	0	0	0	0	0	0	0	0	17	12	0	0	0	0	0	0
fsh-generated/resources/SearchParameter-as-sp-data-information-system.json	743	2	0	0	0	0	0	0	0	5	0	0	0	0	0	0	0	0	0	0	15	7	0	0	0	0	0	0
fsh-generated/resources/SearchParameter-as-sp-data-registration-authority.json	753	1	1	0	0	0	0	0	0	4	0	0	0	0	0	0	0	0	0	0	15	10	0	0	0	0	0	0
fsh-generated/resources/SearchParameter-as-sp-insee-code.json	577	2	0	0	0	0	0	0	0	4	0	0	0	0	0	0	0	0	0	0	18	6	0	0	0	0	0	0
fsh-generated/resources/SearchParameter-as-sp-mailbox-mss.json	526	1	0	0	0	0	0	0	0	2	0	0	0	0	0	0	0	0	0	0	17	6	0	0	0	1	0	0
fsh-generated/resources/SearchParameter-as-sp-number-smartcard.json	647	2	0	0	0	0	0	0	0	3	0	0	0	0	0	0	0	0	0	0	20	7	0	0	0	0	0	0
fsh-generated/resources/SearchParameter-as-sp-pharmacy-licence.json	585	1	0	0	0	0	0	0	0	3	0	0	0	0	0	0	0	0	0	0	18	6	0	0	0	0	0	0
fsh-generated/resources/SearchParameter-as-sp-qualification-code.json	459	2	0	0	0	0	0	0	0	2	0	0	0	0	0	0	0	0	0	0	19	7	0	0	0	0	0	0
fsh-generated/resources/SearchParameter-as-sp-type-smartcard.json	629	2	0	0	0	0	0	0	1	3	0	0	0	0	0	0	0	0	0	0	14	6	0	0	0	1	0	0
fsh-generated/resources/StructureDefinition-as-address-extended.json	5429	4	0	0	0	0	0	33	0	70	0	0	0	0	0	0	0	1	0	0	174	827	0	0	0	4	0	0
fsh-generated/resources/StructureDefinition-as-codeableconcept-timed.json	1208	3	0	0	0	0	0	20	0	7	0	0	0	0	0	0	0	0	0	0	53	213	0	0	0	14	0	0
fsh-generated/resources/StructureDefinition-as-device.json	4314	3	0	0	0	0	0	190	0	20	0	0	0	0	0	0	0	2	0	0	337	887	0	0	0	23	0	2
fsh-generated/resources/StructureDefinition-as-dp-device.json	3739	4	1	0	0	0	0	37	0	32	0	0	1	0	0	0	0	1	0	0	374	727	0	0	0	10	0	0
fsh-generated/resources/StructureDefinition-as-dp-healthcareservice-healthcare-activity.json	4277	3	0	0	0	0	0	79	0	22	0	0	0	0	0	0	0	1	0	0	389	749	0	0	0	10	1	1
fsh-generated/resources/StructureDefinition-as-dp-healthcareservice-social-equipment.json	4726	4	0	0	0	0	0	211	0	33	0	0	0	0	0	0	0	3	0	0	649	858	0	0	0	20	0	1
fsh-generated/resources/StructureDefinition-as-dp-organization.json	7230	4	0	0	0	0	0	174	0	79	0	0	1	0	0	0	0	5	0	0	1106	1543	0	0	0	33	0	2
fsh-generated/resources/StructureDefinition-as-dp-practitioner.json	8580	4	0	0	0	0	0	251	0	82	0	0	0	0	0	0	0	4	0	0	1139	1789	0	0	0	29	1	2
fsh-generated/resources/StructureDefinition-as-dp-practitionerrole.json	5014	4	0	0	0	0	0	123	0	38	0	0	1	0	0	0	0	2	0	0	535	790	0	0	0	15	0	1
fsh-generated/resources/StructureDefinition-as-dr-device.json	3505	3	0	0	0	0	0	22	0	32	0	0	0	0	0	0	0	1	0	0	369	462	0	0	0	9	0	0
fsh-generated/resources/StructureDefinition-as-dr-healthcareservice-healthcare-activity.json	4021	4	0	0	0	0	0	25	0	28	0	0	0	0	0	0	0	2	0	0	375	487	0	0	0	13	0	1
fsh-generated/resources/StructureDefinition-as-dr-healthcareservice-social-equipment.json	4470	4	0	0	0	0	0	42	0	87	0	0	0	0	0	0	0	2	0	0	639	768	0	0	0	17	1	1
fsh-generated/resources/StructureDefinition-as-dr-organization.json	1326	2	1	0	0	0	0	52	0	50	0	0	1	0	0	0	0	2	0	0	737	1069	0	0	0	19	0	2
fsh-generated/resources/StructureDefinition-as-dr-person.json	1531	3	0	0	0	0	0	59	0	19	0	0	0	0	0	0	0	1	0	0	231	316	0	0	0	8	0	0
fsh-generated/resources/StructureDefinition-as-dr-practitioner.json	2260	3	0	0	0	0	0	63	0	56	0	0	0	0	0	0	0	2	0	0	849	1368	0	0	0	22	0	2
fsh-generated/resources/StructureDefinition-as-dr-practitionerrole.json	2683	3	0	0	0	0	0	17	0	25	0	0	1	0	0	0	0	1	0	0	336	465	0	0	0	10	0	0
fsh-generated/resources/StructureDefinition-as-ext-authorization.json	5108	4	0	0	0	0	0	5	0	20	0	0	0	0	0	0	0	0	0	0	191	139	0	0	0	5	0	1
fsh-generated/resources/StructureDefinition-as-ext-codeableconcept-timed-metadata.json	1722	3	0	0	0	0	0	3	0	9	0	0	0	0	0	0	0	1	0	0	72	84	0	0	0	5	1	0
fsh-generated/resources/StructureDefinition-as-ext-data-trace.json	4684	3	0	0	0	0	0	5	0	15	0	0	0	0	0	0	0	0	0	0	151	111	0	0	0	3	0	0
fsh-generated/resources/StructureDefinition-as-ext-digital-certificate.json	7813	4	0	0	0	0	0	6	0	24	0	0	0	0	0	0	0	1	0	0	287	166	0	0	0	6	0	0
fsh-generated/resources/StructureDefinition-as-ext-education-level.json	4227	4	0	0	0	0	0	4	0	16	0	0	0	0	0	0	0	0	0	0	148	124	0	0	0	3	0	0
fsh-generated/resources/StructureDefinition-as-ext-installation.json	5042	3	0	0	0	0	0	5	0	16	0	0	0	0	0	0	0	0	0	0	178	201	0	0	0	4	0	0
fsh-generated/resources/StructureDefinition-as-ext-lieu-dit.json	1394	3	0	0	0	0	0	2	0	7	0	0	0	0	0	0	0	0	0	0	49	92	0	0	0	3	0	1
fsh-generated/resources/StructureDefinition-as-ext-mailbox-mss-metadata.json	7174	4	0	0	0	0	0	13	0	22	0	0	0	0	0	0	0	1	0	0	264	291	0	0	0	5	0	0
fsh-generated/resources/StructureDefinition-as-ext-organization-authorization-deadline.json	2763	4	1	0	0	0	0	39	0	11	0	0	0	0	0	0	0	0	0	0	113	113	0	0	0	3	0	0
fsh-generated/resources/StructureDefinition-as-ext-organization-budget-type.json	1590	2	0	0	0	0	0	5	0	7	0	0	0	0	0	0	0	0	0	0	51	75	0	0	0	1	0	0
fsh-generated/resources/StructureDefinition-as-ext-organization-closing-type.json	1744	3	0	0	0	0	0	3	0	7	0	0	0	0	0	0	0	1	0	0	53	90	0	0	0	1	0	0
fsh-generated/resources/StructureDefinition-as-ext-organization-pharmacy-licence.json	1624	3	0	0	0	0	0	2	0	6	0	0	0	0	0	0	0	0	0	0	50	91	0	0	0	1	0	0
fsh-generated/resources/StructureDefinition-as-ext-organization-pricing-model.json	1769	3	0	0	0	0	0	2	1	7	0	0	0	0	0	0	0	0	0	0	52	93	0	0	0	2	0	0
fsh-generated/resources/StructureDefinition-as-ext-organization-types.json	1533	2	0	0	0	0	0	3	0	6	0	0	0	0	0	0	0	0	0	0	51	70	0	0	0	1	0	0
fsh-generated/resources/StructureDefinition-as-ext-patient-type.json	2976	4	0	0	0	0	0	3	0	11	0	0	0	0	0	0	0	0	0	0	113	84	0	0	0	2	0	0
fsh-generated/resources/StructureDefinition-as-ext-person-birth-place.json	2188	2	0	0	0	0	0	3	0	9	0	0	0	0	0	0	0	0	0	0	84	82	0	0	0	2	0	0
fsh-generated/resources/StructureDefinition-as-ext-person-deceased-date-time.json	2051	3	0	0	0	0	0	2	0	9	0	0	0	0	0	0	0	0	0	0	81	82	0	0	0	2	0	0
fsh-generated/resources/StructureDefinition-as-ext-person-nationality.json	3139	3	0	0	0	0	0	4	0	11	0	0	0	0	0	0	0	1	0	0	116	106	0	0	0	3	0	1
fsh-generated/resources/StructureDefinition-as-ext-practitioner-authorization.json	5587	4	0	0	0	0	0	5	0	21	0	0	0	0	0	0	0	0	0	0	206	139	0	0	0	4	0	0
fsh-generated/resources/StructureDefinition-as-ext-practitionerrole-contracted.json	2064	3	0	0	0	0	0	2	0	9	0	0	1	0	0	0	0	0	0	0	54	61	0	0	0	1	0	0
fsh-generated/resources/StructureDefinition-as-ext-practitionerrole-hascas.json	1839	3	0	0	0	0	0	2	0	7	0	0	0	0	0	0	0	1	0	0	54	67	0	0	0	1	0	0
fsh-generated/resources/StructureDefinition-as-ext-practitionerrole-vitale-accepted.json	1794	2	0	0	0	0	0	3	0	7	0	0	0	0	0	0	0	0	0	0	52	89	0	0	0	2	0	0
fsh-generated/resources/StructureDefinition-as-ext-registration.json	7927	4	1	0	0	0	0	6	0	27	0	0	0	0	0	0	0	0	0	0	263	152	0	1	0	6	0	0
fsh-generated/resources/StructureDefinition-as-ext-smartcard.json	5513	4	0	0	0	0	0	7	0	20	0	0	0	0	0	0	0	1	0	0	219	138	0	0	0	4	0	0
fsh-generated/resources/StructureDefinition-as-ext-supported-capacity.json	8745	4	0	0	0	0	0	17	0	22	0	0	0	0	0	0	0	0	0	0	298	171	0	0	0	4	1	1
fsh-generated/resources/StructureDefinition-as-healthcareservice-healthcare-activity.json	6703	3	0	0	0	0	0	0	0	36	0	0	0	0	0	0	0	1	0	0	387	437	0	0	0	7	0	0
fsh-generated/resources/StructureDefinition-as-healthcareservice-social-equipment.json	15039	4	0	0	0	0	0	0	0	61	0	0	0	0	0	0	0	1	0	0	775	608	0	0	0	12	0	2
fsh-generated/resources/StructureDefinition-as-location.json	1473	3	0	0	0	0	0	34	0	73	0	0	1	0	0	0	0	1	0	0	253	234	0	0	0	5	0	0
fsh-generated/resources/StructureDefinition-as-mailbox-mss.json	2061	3	0	0	0	0	0	6	0	10	0	0	0	0	0	0	0	0	0	0	100	93	0	0	0	1	0	0
fsh-generated/resources/StructureDefinition-as-organization.json	21888	5	0	0	0	0	0	0	0	88	0	0	0	0	0	0	0	2	0	0	1040	1186	0	0	0	17	0	2
fsh-generated/resources/StructureDefinition-as-person.json	8558	4	1	0	0	0	0	0	0	22	0	0	0	0	0	0	0	1	0	0	335	374	0	0	0	6	0	0
fsh-generated/resources/StructureDefinition-as-practitioner.json	23733	5	0	0	0	0	0	0	0	79	0	0	0	0	0	0	0	2	0	0	1186	908	0	0	0	26	0	2
fsh-generated/resources/StructureDefinition-as-practitionerrole.json	14952	5	0	0	0	0	0	0	0	36	0	0	1	0	0	0	0	1	0	0	473	353	0	0	0	12	1	0
fsh-generated/resources/ValueSet-VS-TRE-R286-TypeFermeture.json	889	2	0	0	0	0	0	0	0	61	0	0	0	0	0	0	0	0	0	0	13	4794	0	0	0	1	0	0
fsh-generated/resources/ValueSet-VS-TRE-R301-SourceInformationInstallation.json	1033	3	0	0	0	0	0	0	1	6	0	0	0	0	0	0	0	0	0	0	15	74	0	0	0	0	0	0
fsh-generated/resources/ValueSet-VS-TRE-R74-ModeFixationTarifaire.json	952	3	0	0	0	0	0	0	0	8	0	0	0	0	0	0	0	0	0	0	12	156	0	0	0	0	0	0
fsh-generated/resources/ValueSet-as-vs-intern-id-systems.json	629	2	0	0	0	0	0	0	0	4	0	0	0	0	0	0	0	0	0	0	13	44	0	0	0	1	0	0
fsh-generated/resources/ValueSet-as-vs-organization-types.json	494	3	1	0	0	0	0	0	0	3	0	0	0	0	0	0	0	0	0	0	11	48	0	0	0	0	0	0
fsh-generated/resources/ValueSet-as-vs-type-etablissement.json	660	2	0	0	0	0	0	0	0	4	0	0	0	0	0	0	0	0	0	0	10	40	0	0	0	0	0	0
fsh-generated/resources/ValueSet-as-vs-type-systeme-information.json	743	2	0	0	0	0	0	0	0	2	0	0	0	0	0	0	0	0	0	0	12	43	0	0	0	0	0	0
